,customer_id,created_at,type,currency,transaction_name,transaction_amount
0,1cf4eac9d442eda8329403546901e682,2015-08-09 10:56:00,1,XBT,ReceiveBTC,30000.0
1,1cf4eac9d442eda8329403546901e682,2015-08-09 11:50:00,1,XBT,SendBTC,-20000.0
2,1cf4eac9d442eda8329403546901e682,2015-08-12 07:43:00,1,XBT,ReceiveBTC,30000.0
3,1cf4eac9d442eda8329403546901e682,2015-08-12 09:25:00,1,XBT,SendBTC,-20000.0
4,1cf4eac9d442eda8329403546901e682,2015-08-14 08:30:00,1,XBT,ReceiveBTC,30000.0
5,1cf4eac9d442eda8329403546901e682,2015-08-14 09:04:00,4,XBT,Bid,0.0
6,1cf4eac9d442eda8329403546901e682,2015-08-14 11:40:00,4,XBT,Bid,0.0
7,1cf4eac9d442eda8329403546901e682,2015-08-14 12:27:00,1,XBT,SendBTC,-40000.0
8,1cf4eac9d442eda8329403546901e682,2015-08-16 13:22:00,1,XBT,ReceiveBTC,30000.0
9,1cf4eac9d442eda8329403546901e682,2015-08-19 10:28:00,1,XBT,ReceiveBTC,30000.0
10,1cf4eac9d442eda8329403546901e682,2015-08-19 12:18:00,4,XBT,Bid,0.0
11,1cf4eac9d442eda8329403546901e682,2015-08-20 19:10:00,4,XBT,Bid,0.0
12,1cf4eac9d442eda8329403546901e682,2015-08-20 20:31:00,4,XBT,Bid,0.0
13,1cf4eac9d442eda8329403546901e682,2015-08-21 01:52:00,1,XBT,ReceiveBTC,30000.0
14,1cf4eac9d442eda8329403546901e682,2015-08-21 04:24:00,4,XBT,Bid,0.0
15,1cf4eac9d442eda8329403546901e682,2015-08-21 10:50:00,14,XBT,SellBTC,-70000.0
16,1cf4eac9d442eda8329403546901e682,2015-08-21 12:17:00,4,IDR,Ask,0.0
17,1cf4eac9d442eda8329403546901e682,2015-08-21 14:38:00,4,IDR,Ask,0.0
18,1cf4eac9d442eda8329403546901e682,2015-08-21 16:58:00,4,IDR,Ask,0.0
19,1cf4eac9d442eda8329403546901e682,2015-08-21 16:59:00,4,IDR,Ask,0.0
20,1cf4eac9d442eda8329403546901e682,2015-08-22 20:33:00,4,IDR,Ask,0.0
21,1cf4eac9d442eda8329403546901e682,2015-08-22 21:16:00,1,XBT,ReceiveBTC,30000.0
22,1cf4eac9d442eda8329403546901e682,2015-08-23 12:48:00,14,XBT,SellBTC,-60000.0
23,1cf4eac9d442eda8329403546901e682,2015-08-23 19:50:00,4,IDR,Ask,0.0
24,1cf4eac9d442eda8329403546901e682,2015-08-25 15:00:00,1,XBT,ReceiveBTC,20000.0
25,1cf4eac9d442eda8329403546901e682,2015-08-25 15:16:00,4,IDR,Ask,0.0
26,1cf4eac9d442eda8329403546901e682,2015-08-25 15:49:00,7,XBT,TradeBuy,129000.0
27,1cf4eac9d442eda8329403546901e682,2015-08-25 15:56:00,14,XBT,SellBTC,-149000.0
28,1cf4eac9d442eda8329403546901e682,2015-08-25 15:58:00,4,IDR,Ask,0.0
29,1cf4eac9d442eda8329403546901e682,2015-08-25 16:56:00,7,XBT,TradeBuy,149000.0
30,1cf4eac9d442eda8329403546901e682,2015-08-25 17:01:00,4,XBT,Bid,0.0
31,1cf4eac9d442eda8329403546901e682,2015-08-25 21:36:00,14,XBT,SellBTC,-149000.0
32,1cf4eac9d442eda8329403546901e682,2015-08-25 21:38:00,4,IDR,Ask,0.0
33,1cf4eac9d442eda8329403546901e682,2015-08-26 00:59:00,7,XBT,TradeBuy,74900.0
34,1cf4eac9d442eda8329403546901e682,2015-08-26 01:56:00,14,XBT,SellBTC,-74900.0
35,1cf4eac9d442eda8329403546901e682,2015-08-27 10:51:00,15,XBT,BuyBTC,149000.0
36,1cf4eac9d442eda8329403546901e682,2015-08-27 15:17:00,1,XBT,ReceiveBTC,30000.0
37,1cf4eac9d442eda8329403546901e682,2015-08-27 15:22:00,14,XBT,SellBTC,-179000.0
38,1cf4eac9d442eda8329403546901e682,2015-08-27 17:18:00,15,XBT,BuyBTC,175000.0
39,1cf4eac9d442eda8329403546901e682,2015-08-28 08:24:00,1,XBT,SendBTC,-100000.0
40,1cf4eac9d442eda8329403546901e682,2015-08-28 11:07:00,1,XBT,SendBTC,-75000.0
41,1cf4eac9d442eda8329403546901e682,2015-08-28 16:19:00,1,XBT,ReceiveBTC,65000.0
42,1cf4eac9d442eda8329403546901e682,2015-08-29 18:07:00,1,XBT,ReceiveBTC,30000.0
43,1cf4eac9d442eda8329403546901e682,2015-08-30 16:38:00,1,XBT,SendBTC,-40000.0
44,1cf4eac9d442eda8329403546901e682,2015-08-30 16:51:00,1,XBT,SendBTC,-40000.0
45,1cf4eac9d442eda8329403546901e682,2015-09-02 08:04:00,1,XBT,ReceiveBTC,30000.0
46,1cf4eac9d442eda8329403546901e682,2015-09-02 20:59:00,1,XBT,SendBTC,-40000.0
47,1cf4eac9d442eda8329403546901e682,2015-09-04 04:17:00,1,XBT,ReceiveBTC,8000.0
48,1cf4eac9d442eda8329403546901e682,2015-09-06 18:39:00,1,XBT,ReceiveBTC,40000.0
49,1cf4eac9d442eda8329403546901e682,2015-09-07 06:05:00,1,XBT,SendBTC,-40000.0
50,07a1c42e45f8e932daf2604a8654e34a,2015-08-14 03:08:00,1,XBT,ReceiveBTC,25398296.0
51,07a1c42e45f8e932daf2604a8654e34a,2015-08-15 03:00:00,1,XBT,ReceiveBTC,4145035.0
52,07a1c42e45f8e932daf2604a8654e34a,2015-08-16 01:36:00,1,XBT,ReceiveBTC,4156565.0
53,07a1c42e45f8e932daf2604a8654e34a,2015-08-17 02:57:00,1,XBT,ReceiveBTC,4162330.0
54,07a1c42e45f8e932daf2604a8654e34a,2015-08-18 02:09:00,1,XBT,ReceiveBTC,4208450.0
55,07a1c42e45f8e932daf2604a8654e34a,2015-08-19 01:34:00,1,XBT,ReceiveBTC,4173860.0
56,07a1c42e45f8e932daf2604a8654e34a,2015-08-20 01:48:00,1,XBT,ReceiveBTC,4225745.0
57,07a1c42e45f8e932daf2604a8654e34a,2015-08-21 02:38:00,1,XBT,ReceiveBTC,4145035.0
58,07a1c42e45f8e932daf2604a8654e34a,2015-08-22 02:05:00,1,XBT,ReceiveBTC,4208450.0
59,07a1c42e45f8e932daf2604a8654e34a,2015-08-23 01:55:00,1,XBT,ReceiveBTC,4214215.0
60,07a1c42e45f8e932daf2604a8654e34a,2015-08-24 02:00:00,1,XBT,ReceiveBTC,4260335.0
61,07a1c42e45f8e932daf2604a8654e34a,2015-08-24 06:07:00,1,XBT,SendBTC,-14380000.0
62,07a1c42e45f8e932daf2604a8654e34a,2015-08-24 11:12:00,1,XBT,SendBTC,-50000000.0
63,07a1c42e45f8e932daf2604a8654e34a,2015-08-25 01:35:00,1,XBT,ReceiveBTC,4248805.0
64,07a1c42e45f8e932daf2604a8654e34a,2015-08-26 01:41:00,1,XBT,ReceiveBTC,4289160.0
65,07a1c42e45f8e932daf2604a8654e34a,2015-08-27 01:35:00,1,XBT,ReceiveBTC,4294925.0
66,07a1c42e45f8e932daf2604a8654e34a,2015-08-28 02:13:00,1,XBT,ReceiveBTC,4297807.0
67,07a1c42e45f8e932daf2604a8654e34a,2015-08-29 01:45:00,1,XBT,ReceiveBTC,4271865.0
68,07a1c42e45f8e932daf2604a8654e34a,2015-08-30 02:06:00,1,XBT,ReceiveBTC,4283395.0
69,07a1c42e45f8e932daf2604a8654e34a,2015-08-31 01:41:00,1,XBT,ReceiveBTC,4266100.0
70,07a1c42e45f8e932daf2604a8654e34a,2015-09-01 03:40:00,1,XBT,ReceiveBTC,4294925.0
71,07a1c42e45f8e932daf2604a8654e34a,2015-09-02 03:14:00,1,XBT,ReceiveBTC,4271865.0
72,07a1c42e45f8e932daf2604a8654e34a,2015-09-03 03:02:00,1,XBT,ReceiveBTC,4150800.0
73,07a1c42e45f8e932daf2604a8654e34a,2015-09-04 01:58:00,1,XBT,ReceiveBTC,3875809.0
74,07a1c42e45f8e932daf2604a8654e34a,2015-09-05 02:16:00,1,XBT,ReceiveBTC,4047030.0
75,07a1c42e45f8e932daf2604a8654e34a,2015-09-06 02:48:00,1,XBT,ReceiveBTC,4214215.0
76,07a1c42e45f8e932daf2604a8654e34a,2015-09-07 02:14:00,1,XBT,ReceiveBTC,4283395.0
77,07a1c42e45f8e932daf2604a8654e34a,2015-09-08 01:54:00,1,XBT,ReceiveBTC,4260335.0
78,07a1c42e45f8e932daf2604a8654e34a,2015-09-09 02:28:00,1,XBT,ReceiveBTC,4266100.0
79,07a1c42e45f8e932daf2604a8654e34a,2015-09-10 02:35:00,1,XBT,ReceiveBTC,4271865.0
80,07a1c42e45f8e932daf2604a8654e34a,2015-09-11 02:47:00,1,XBT,ReceiveBTC,4266100.0
81,07a1c42e45f8e932daf2604a8654e34a,2015-09-12 03:25:00,1,XBT,ReceiveBTC,4254570.0
82,07a1c42e45f8e932daf2604a8654e34a,2015-09-13 02:30:00,1,XBT,SendBTC,-83000000.0
83,07a1c42e45f8e932daf2604a8654e34a,2015-09-13 06:31:00,1,XBT,ReceiveBTC,4237275.0
84,07a1c42e45f8e932daf2604a8654e34a,2015-09-14 02:48:00,1,XBT,ReceiveBTC,4231510.0
85,07a1c42e45f8e932daf2604a8654e34a,2015-09-15 02:57:00,1,XBT,ReceiveBTC,4214215.0
86,07a1c42e45f8e932daf2604a8654e34a,2015-09-16 01:56:00,1,XBT,ReceiveBTC,4208450.0
87,07a1c42e45f8e932daf2604a8654e34a,2015-09-17 01:34:00,1,XBT,ReceiveBTC,4254570.0
88,07a1c42e45f8e932daf2604a8654e34a,2015-09-18 02:02:00,1,XBT,ReceiveBTC,4214215.0
89,07a1c42e45f8e932daf2604a8654e34a,2015-09-19 04:23:00,1,XBT,ReceiveBTC,4260335.0
90,07a1c42e45f8e932daf2604a8654e34a,2015-09-20 01:35:00,1,XBT,ReceiveBTC,4225745.0
91,07a1c42e45f8e932daf2604a8654e34a,2015-09-21 02:31:00,1,XBT,ReceiveBTC,4266100.0
92,07a1c42e45f8e932daf2604a8654e34a,2015-09-22 01:50:00,1,XBT,ReceiveBTC,4243040.0
93,07a1c42e45f8e932daf2604a8654e34a,2015-09-23 03:10:00,1,XBT,ReceiveBTC,4277630.0
94,07a1c42e45f8e932daf2604a8654e34a,2015-09-24 02:51:00,1,XBT,ReceiveBTC,4260335.0
95,07a1c42e45f8e932daf2604a8654e34a,2015-09-25 03:47:00,1,XBT,ReceiveBTC,4271865.0
96,07a1c42e45f8e932daf2604a8654e34a,2015-09-26 04:48:00,1,XBT,ReceiveBTC,4266100.0
97,07a1c42e45f8e932daf2604a8654e34a,2015-09-27 02:55:00,1,XBT,ReceiveBTC,4254570.0
98,07a1c42e45f8e932daf2604a8654e34a,2015-09-28 05:50:00,1,XBT,ReceiveBTC,4277630.0
99,07a1c42e45f8e932daf2604a8654e34a,2015-09-29 02:30:00,1,XBT,ReceiveBTC,4283395.0
100,07a1c42e45f8e932daf2604a8654e34a,2015-09-29 23:51:00,1,XBT,SendBTC,-28000000.0
101,07a1c42e45f8e932daf2604a8654e34a,2015-09-30 03:26:00,1,XBT,ReceiveBTC,4260335.0
102,07a1c42e45f8e932daf2604a8654e34a,2015-10-01 06:16:00,1,XBT,ReceiveBTC,4294925.0
103,07a1c42e45f8e932daf2604a8654e34a,2015-10-02 02:13:00,1,XBT,ReceiveBTC,4271865.0
104,07a1c42e45f8e932daf2604a8654e34a,2015-10-03 02:15:00,1,XBT,ReceiveBTC,4306455.0
105,07a1c42e45f8e932daf2604a8654e34a,2015-10-04 05:50:00,1,XBT,ReceiveBTC,4277630.0
106,07a1c42e45f8e932daf2604a8654e34a,2015-10-05 01:45:00,1,XBT,ReceiveBTC,4312220.0
107,07a1c42e45f8e932daf2604a8654e34a,2015-10-05 15:33:00,1,XBT,SendBTC,-56000000.0
108,07a1c42e45f8e932daf2604a8654e34a,2015-10-06 02:04:00,1,XBT,ReceiveBTC,4294925.0
109,07a1c42e45f8e932daf2604a8654e34a,2015-10-07 02:28:00,1,XBT,ReceiveBTC,4266100.0
110,07a1c42e45f8e932daf2604a8654e34a,2015-10-08 02:32:00,1,XBT,ReceiveBTC,4271865.0
111,07a1c42e45f8e932daf2604a8654e34a,2015-10-09 02:18:00,1,XBT,ReceiveBTC,4248805.0
112,07a1c42e45f8e932daf2604a8654e34a,2015-10-10 04:21:00,1,XBT,ReceiveBTC,4219980.0
113,07a1c42e45f8e932daf2604a8654e34a,2015-10-10 13:55:00,1,XBT,SendBTC,-27690000.0
114,07a1c42e45f8e932daf2604a8654e34a,2015-10-11 01:59:00,1,XBT,ReceiveBTC,4208450.0
115,07a1c42e45f8e932daf2604a8654e34a,2015-10-12 02:22:00,1,XBT,ReceiveBTC,4243040.0
116,07a1c42e45f8e932daf2604a8654e34a,2015-10-13 03:00:00,1,XBT,ReceiveBTC,4231510.0
117,07a1c42e45f8e932daf2604a8654e34a,2015-10-14 03:21:00,1,XBT,ReceiveBTC,4214215.0
118,07a1c42e45f8e932daf2604a8654e34a,2015-10-15 02:41:00,1,XBT,ReceiveBTC,4260335.0
119,07a1c42e45f8e932daf2604a8654e34a,2015-10-15 15:40:00,1,XBT,SendBTC,-16300000.0
120,07a1c42e45f8e932daf2604a8654e34a,2015-10-16 04:35:00,1,XBT,ReceiveBTC,4254570.0
121,07a1c42e45f8e932daf2604a8654e34a,2015-10-17 06:45:00,1,XBT,ReceiveBTC,4294925.0
122,07a1c42e45f8e932daf2604a8654e34a,2015-10-18 01:35:00,1,XBT,ReceiveBTC,4277630.0
123,07a1c42e45f8e932daf2604a8654e34a,2015-10-19 02:09:00,1,XBT,ReceiveBTC,4306455.0
124,07a1c42e45f8e932daf2604a8654e34a,2015-10-20 03:46:00,1,XBT,ReceiveBTC,4317985.0
125,07a1c42e45f8e932daf2604a8654e34a,2015-10-21 02:26:00,1,XBT,ReceiveBTC,4300690.0
126,07a1c42e45f8e932daf2604a8654e34a,2015-10-22 01:48:00,1,XBT,ReceiveBTC,4266100.0
127,07a1c42e45f8e932daf2604a8654e34a,2015-10-23 01:48:00,1,XBT,ReceiveBTC,4248805.0
128,07a1c42e45f8e932daf2604a8654e34a,2015-10-24 02:05:00,1,XBT,ReceiveBTC,4231510.0
129,07a1c42e45f8e932daf2604a8654e34a,2015-10-25 04:15:00,1,XBT,ReceiveBTC,4225745.0
130,07a1c42e45f8e932daf2604a8654e34a,2015-10-26 02:26:00,1,XBT,ReceiveBTC,4208450.0
131,07a1c42e45f8e932daf2604a8654e34a,2015-10-27 02:20:00,1,XBT,ReceiveBTC,4214215.0
132,07a1c42e45f8e932daf2604a8654e34a,2015-10-27 11:05:00,1,XBT,SendBTC,-43710000.0
133,07a1c42e45f8e932daf2604a8654e34a,2015-10-28 02:33:00,1,XBT,ReceiveBTC,4260335.0
134,07a1c42e45f8e932daf2604a8654e34a,2015-10-29 02:14:00,1,XBT,ReceiveBTC,4248805.0
135,07a1c42e45f8e932daf2604a8654e34a,2015-10-30 02:11:00,1,XBT,ReceiveBTC,4289160.0
136,07a1c42e45f8e932daf2604a8654e34a,2015-10-31 02:40:00,1,XBT,ReceiveBTC,4294925.0
137,07a1c42e45f8e932daf2604a8654e34a,2015-11-01 01:42:00,1,XBT,ReceiveBTC,4297807.0
138,07a1c42e45f8e932daf2604a8654e34a,2015-11-02 03:51:00,1,XBT,ReceiveBTC,4271865.0
139,07a1c42e45f8e932daf2604a8654e34a,2015-11-03 02:47:00,1,XBT,ReceiveBTC,4283395.0
140,07a1c42e45f8e932daf2604a8654e34a,2015-11-04 03:21:00,1,XBT,ReceiveBTC,4323750.0
141,07a1c42e45f8e932daf2604a8654e34a,2015-11-04 18:12:00,1,XBT,SendBTC,-50000000.0
142,07a1c42e45f8e932daf2604a8654e34a,2015-11-05 01:46:00,1,XBT,ReceiveBTC,4317985.0
143,07a1c42e45f8e932daf2604a8654e34a,2015-11-06 01:32:00,1,XBT,ReceiveBTC,4294925.0
144,07a1c42e45f8e932daf2604a8654e34a,2015-11-07 01:50:00,1,XBT,ReceiveBTC,4283395.0
145,07a1c42e45f8e932daf2604a8654e34a,2015-11-08 01:37:00,1,XBT,ReceiveBTC,4260335.0
146,07a1c42e45f8e932daf2604a8654e34a,2015-11-09 02:26:00,1,XBT,ReceiveBTC,4266100.0
147,07a1c42e45f8e932daf2604a8654e34a,2015-11-10 01:50:00,1,XBT,ReceiveBTC,4271865.0
148,07a1c42e45f8e932daf2604a8654e34a,2015-11-11 03:46:00,1,XBT,ReceiveBTC,4266100.0
149,07a1c42e45f8e932daf2604a8654e34a,2015-11-12 02:10:00,1,XBT,ReceiveBTC,4254570.0
150,07a1c42e45f8e932daf2604a8654e34a,2015-11-13 02:03:00,1,XBT,ReceiveBTC,4237275.0
151,07a1c42e45f8e932daf2604a8654e34a,2015-11-14 01:43:00,1,XBT,ReceiveBTC,4231510.0
152,07a1c42e45f8e932daf2604a8654e34a,2015-11-14 08:02:00,1,XBT,SendBTC,-47158000.0
153,07a1c42e45f8e932daf2604a8654e34a,2015-11-15 02:02:00,1,XBT,ReceiveBTC,4214215.0
154,07a1c42e45f8e932daf2604a8654e34a,2015-11-16 01:22:00,1,XBT,ReceiveBTC,4208450.0
155,07a1c42e45f8e932daf2604a8654e34a,2015-11-17 02:17:00,1,XBT,ReceiveBTC,4254570.0
156,07a1c42e45f8e932daf2604a8654e34a,2015-11-18 04:52:00,1,XBT,ReceiveBTC,4214215.0
157,07a1c42e45f8e932daf2604a8654e34a,2015-11-19 01:50:00,1,XBT,ReceiveBTC,4260335.0
158,07a1c42e45f8e932daf2604a8654e34a,2015-11-20 01:27:00,1,XBT,ReceiveBTC,4225745.0
159,07a1c42e45f8e932daf2604a8654e34a,2015-11-21 03:53:00,1,XBT,ReceiveBTC,4266100.0
160,07a1c42e45f8e932daf2604a8654e34a,2015-11-22 02:41:00,1,XBT,ReceiveBTC,4243040.0
161,07a1c42e45f8e932daf2604a8654e34a,2015-11-23 01:37:00,1,XBT,ReceiveBTC,4277630.0
162,07a1c42e45f8e932daf2604a8654e34a,2015-11-24 01:55:00,1,XBT,ReceiveBTC,4260335.0
163,07a1c42e45f8e932daf2604a8654e34a,2015-11-25 01:35:00,1,XBT,ReceiveBTC,4271865.0
164,07a1c42e45f8e932daf2604a8654e34a,2015-11-26 01:38:00,1,XBT,ReceiveBTC,4266100.0
165,07a1c42e45f8e932daf2604a8654e34a,2015-11-28 04:21:00,1,XBT,SendBTC,-50900000.0
166,23758b953b9363fdb28970605f90df05,2015-08-22 08:53:00,1,XBT,ReceiveBTC,1196888.0
167,23758b953b9363fdb28970605f90df05,2015-08-22 08:55:00,1,XBT,ReceiveBTC,1256732.0
168,85893e13c5acd5d9a66dae76be93f896,2015-09-05 02:14:00,1,MYR,FiatDeposit,600000000000.0
169,85893e13c5acd5d9a66dae76be93f896,2015-09-05 02:40:00,1,XBT,SendBTC,-175215000.0
170,85893e13c5acd5d9a66dae76be93f896,2015-09-05 06:44:00,15,XBT,BuyBTC,174884000.0
171,85893e13c5acd5d9a66dae76be93f896,2015-09-05 06:45:00,1,XBT,SendBTC,-174884000.0
172,85893e13c5acd5d9a66dae76be93f896,2015-09-06 15:20:00,1,XBT,ReceiveBTC,505605.0
173,85893e13c5acd5d9a66dae76be93f896,2015-09-07 13:10:00,14,XBT,SellBTC,-505605.0
174,85893e13c5acd5d9a66dae76be93f896,2015-09-16 06:34:00,15,XBT,BuyBTC,477000.0
175,85893e13c5acd5d9a66dae76be93f896,2015-09-16 06:37:00,1,XBT,SendBTC,-477000.0
176,85893e13c5acd5d9a66dae76be93f896,2015-09-17 07:09:00,1,MYR,ReceiveBTC,515000000000.0
177,85893e13c5acd5d9a66dae76be93f896,2015-09-17 10:36:00,15,XBT,BuyBTC,173094000.0
178,85893e13c5acd5d9a66dae76be93f896,2015-09-17 10:38:00,15,XBT,BuyBTC,124014000.0
179,85893e13c5acd5d9a66dae76be93f896,2015-09-17 10:40:00,1,XBT,SendBTC,-297108000.0
180,85893e13c5acd5d9a66dae76be93f896,2015-10-27 08:19:00,1,XBT,ReceiveBTC,10000.0
181,85893e13c5acd5d9a66dae76be93f896,2015-10-28 13:54:00,1,XBT,ReceiveBTC,10000.0
182,85893e13c5acd5d9a66dae76be93f896,2015-11-10 01:34:00,1,XBT,SendBTC,-10000.0
183,85893e13c5acd5d9a66dae76be93f896,2015-11-13 22:51:00,1,XBT,SendBTC,-10000.0
184,85893e13c5acd5d9a66dae76be93f896,2016-04-04 10:37:00,1,MYR,ReceiveBTC,10000000000.0
185,85893e13c5acd5d9a66dae76be93f896,2016-04-04 12:10:00,15,XBT,BuyBTC,3357000.0
186,85893e13c5acd5d9a66dae76be93f896,2016-04-04 23:56:00,1,XBT,SendBTC,-600000.0
187,85893e13c5acd5d9a66dae76be93f896,2016-04-25 01:55:00,1,XBT,SendBTC,-2757000.0
188,a1718fd0b29f02fba35983ef95383b42,2015-09-09 15:05:00,1,ZAR,FiatDeposit,3000000000000.0
189,a1718fd0b29f02fba35983ef95383b42,2015-09-09 15:11:00,4,ZAR,Ask,0.0
190,a1718fd0b29f02fba35983ef95383b42,2015-09-09 15:11:00,7,XBT,TradeBuy,3461100.0
191,a1718fd0b29f02fba35983ef95383b42,2015-09-09 15:11:00,7,XBT,TradeBuy,5068800.0
192,a1718fd0b29f02fba35983ef95383b42,2015-09-09 15:11:00,7,XBT,TradeBuy,5454900.0
193,a1718fd0b29f02fba35983ef95383b42,2015-09-09 15:11:00,7,XBT,TradeBuy,5454900.0
194,a1718fd0b29f02fba35983ef95383b42,2015-09-09 15:11:00,7,XBT,TradeBuy,5454900.0
195,a1718fd0b29f02fba35983ef95383b42,2015-09-09 15:11:00,7,XBT,TradeBuy,198000000.0
196,a1718fd0b29f02fba35983ef95383b42,2015-09-09 15:11:00,7,XBT,TradeBuy,128830200.0
197,a1718fd0b29f02fba35983ef95383b42,2015-09-09 15:15:00,4,ZAR,Ask,0.0
198,a1718fd0b29f02fba35983ef95383b42,2015-09-09 15:15:00,7,XBT,TradeBuy,117700.0
199,4b267978b61814949c2254f3433a8851,2015-10-06 09:44:00,1,ZAR,FiatDeposit,150000000000.0
200,4b267978b61814949c2254f3433a8851,2015-10-06 20:45:00,1,XBT,SendBTC,-20491000.0
201,9cfe3731347f1b9a54f37d3cbd2e021f,2015-10-07 12:23:00,1,XBT,ReceiveBTC,917071.0
202,9cfe3731347f1b9a54f37d3cbd2e021f,2015-10-09 14:29:00,1,XBT,SendBTC,-917000.0
203,9cfe3731347f1b9a54f37d3cbd2e021f,2015-10-14 07:34:00,1,ZAR,ReceiveBTC,49999999929.0
204,9cfe3731347f1b9a54f37d3cbd2e021f,2015-10-14 07:40:00,4,ZAR,Ask,0.0
205,9cfe3731347f1b9a54f37d3cbd2e021f,2015-10-14 10:42:00,4,ZAR,Ask,0.0
206,9cfe3731347f1b9a54f37d3cbd2e021f,2015-10-14 11:01:00,4,ZAR,Ask,0.0
207,9cfe3731347f1b9a54f37d3cbd2e021f,2015-10-14 11:17:00,15,XBT,BuyBTC,6542000.0
208,9cfe3731347f1b9a54f37d3cbd2e021f,2015-10-14 11:23:00,1,XBT,SendBTC,-6542000.0
209,9cfe3731347f1b9a54f37d3cbd2e021f,2015-10-30 06:28:00,1,ZAR,ReceiveBTC,99999999929.0
210,9cfe3731347f1b9a54f37d3cbd2e021f,2015-10-30 06:41:00,4,ZAR,Ask,0.0
211,9cfe3731347f1b9a54f37d3cbd2e021f,2015-10-30 06:44:00,4,ZAR,Ask,0.0
212,9cfe3731347f1b9a54f37d3cbd2e021f,2015-10-30 06:54:00,4,ZAR,Ask,0.0
213,9cfe3731347f1b9a54f37d3cbd2e021f,2015-10-30 07:34:00,15,XBT,BuyBTC,11358000.0
214,9cfe3731347f1b9a54f37d3cbd2e021f,2015-10-30 08:39:00,14,XBT,SellBTC,-11300000.0
215,9cfe3731347f1b9a54f37d3cbd2e021f,2015-10-30 08:49:00,4,ZAR,Ask,0.0
216,9cfe3731347f1b9a54f37d3cbd2e021f,2015-10-30 11:32:00,4,ZAR,Ask,0.0
217,9cfe3731347f1b9a54f37d3cbd2e021f,2015-11-01 03:52:00,15,XBT,BuyBTC,10744000.0
218,9cfe3731347f1b9a54f37d3cbd2e021f,2015-11-01 04:35:00,4,XBT,Bid,0.0
219,9cfe3731347f1b9a54f37d3cbd2e021f,2015-11-01 05:15:00,4,XBT,Bid,0.0
220,9cfe3731347f1b9a54f37d3cbd2e021f,2015-11-01 05:27:00,4,ZAR,Ask,0.0
221,9cfe3731347f1b9a54f37d3cbd2e021f,2015-11-01 05:36:00,4,ZAR,Ask,0.0
222,9cfe3731347f1b9a54f37d3cbd2e021f,2015-11-01 05:43:00,4,ZAR,Ask,0.0
223,9cfe3731347f1b9a54f37d3cbd2e021f,2015-11-01 06:56:00,4,ZAR,Ask,0.0
224,9cfe3731347f1b9a54f37d3cbd2e021f,2015-11-01 08:53:00,7,XBT,TradeBuy,10832200.0
225,9cfe3731347f1b9a54f37d3cbd2e021f,2015-11-01 08:58:00,4,XBT,Bid,0.0
226,9cfe3731347f1b9a54f37d3cbd2e021f,2015-11-01 09:00:00,4,ZAR,Ask,0.0
227,9cfe3731347f1b9a54f37d3cbd2e021f,2015-11-01 09:03:00,4,ZAR,Ask,0.0
228,9cfe3731347f1b9a54f37d3cbd2e021f,2015-11-01 09:32:00,4,ZAR,Ask,0.0
229,9cfe3731347f1b9a54f37d3cbd2e021f,2015-11-01 10:03:00,4,ZAR,Ask,0.0
230,9cfe3731347f1b9a54f37d3cbd2e021f,2015-11-01 10:21:00,4,ZAR,Ask,0.0
231,9cfe3731347f1b9a54f37d3cbd2e021f,2015-11-01 10:33:00,4,ZAR,Ask,0.0
232,9cfe3731347f1b9a54f37d3cbd2e021f,2015-11-01 10:39:00,4,ZAR,Ask,0.0
233,9cfe3731347f1b9a54f37d3cbd2e021f,2015-11-01 10:48:00,4,ZAR,Ask,0.0
234,9cfe3731347f1b9a54f37d3cbd2e021f,2015-11-01 10:49:00,4,ZAR,Ask,0.0
235,9cfe3731347f1b9a54f37d3cbd2e021f,2015-11-01 10:54:00,4,ZAR,Ask,0.0
236,9cfe3731347f1b9a54f37d3cbd2e021f,2015-11-01 10:59:00,4,ZAR,Ask,0.0
237,9cfe3731347f1b9a54f37d3cbd2e021f,2015-11-01 11:05:00,4,ZAR,Ask,0.0
238,9cfe3731347f1b9a54f37d3cbd2e021f,2015-11-01 16:33:00,4,ZAR,Ask,0.0
239,9cfe3731347f1b9a54f37d3cbd2e021f,2015-11-01 16:50:00,4,ZAR,Ask,0.0
240,9cfe3731347f1b9a54f37d3cbd2e021f,2015-11-01 16:52:00,4,ZAR,Ask,0.0
241,9cfe3731347f1b9a54f37d3cbd2e021f,2015-11-01 17:09:00,4,ZAR,Ask,0.0
242,9cfe3731347f1b9a54f37d3cbd2e021f,2015-11-01 17:10:00,7,XBT,TradeBuy,10713100.0
243,9cfe3731347f1b9a54f37d3cbd2e021f,2015-11-01 17:12:00,4,XBT,Bid,0.0
244,9cfe3731347f1b9a54f37d3cbd2e021f,2015-11-01 17:18:00,4,XBT,Bid,0.0
245,9cfe3731347f1b9a54f37d3cbd2e021f,2015-11-01 17:20:00,4,XBT,Bid,0.0
246,9cfe3731347f1b9a54f37d3cbd2e021f,2015-11-01 17:22:00,4,XBT,Bid,0.0
247,9cfe3731347f1b9a54f37d3cbd2e021f,2015-11-01 17:59:00,1,XBT,SendBTC,-10816971.0
248,9cfe3731347f1b9a54f37d3cbd2e021f,2015-11-03 07:32:00,1,XBT,ReceiveBTC,4182186.0
249,9cfe3731347f1b9a54f37d3cbd2e021f,2015-11-03 07:42:00,4,XBT,Bid,0.0
250,9cfe3731347f1b9a54f37d3cbd2e021f,2015-11-03 07:48:00,4,XBT,Bid,0.0
251,9cfe3731347f1b9a54f37d3cbd2e021f,2015-11-03 07:52:00,4,XBT,Bid,0.0
252,9cfe3731347f1b9a54f37d3cbd2e021f,2015-11-03 07:54:00,4,XBT,Bid,0.0
253,9cfe3731347f1b9a54f37d3cbd2e021f,2015-11-03 08:00:00,4,XBT,Bid,0.0
254,9cfe3731347f1b9a54f37d3cbd2e021f,2015-11-03 08:01:00,4,XBT,Bid,0.0
255,9cfe3731347f1b9a54f37d3cbd2e021f,2015-11-03 08:05:00,4,XBT,Bid,0.0
256,9cfe3731347f1b9a54f37d3cbd2e021f,2015-11-03 08:09:00,4,XBT,Bid,0.0
257,9cfe3731347f1b9a54f37d3cbd2e021f,2015-11-03 08:11:00,4,XBT,Bid,0.0
258,9cfe3731347f1b9a54f37d3cbd2e021f,2015-11-03 08:14:00,4,XBT,Bid,0.0
259,9cfe3731347f1b9a54f37d3cbd2e021f,2015-11-03 08:18:00,4,XBT,Bid,0.0
260,9cfe3731347f1b9a54f37d3cbd2e021f,2015-11-03 08:23:00,4,XBT,Bid,0.0
261,9cfe3731347f1b9a54f37d3cbd2e021f,2015-11-03 08:33:00,4,ZAR,Ask,0.0
262,9cfe3731347f1b9a54f37d3cbd2e021f,2015-11-03 08:42:00,4,ZAR,Ask,0.0
263,9cfe3731347f1b9a54f37d3cbd2e021f,2015-11-03 08:46:00,4,ZAR,Ask,0.0
264,9cfe3731347f1b9a54f37d3cbd2e021f,2015-11-03 09:00:00,4,ZAR,Ask,0.0
265,9cfe3731347f1b9a54f37d3cbd2e021f,2015-11-03 09:03:00,4,ZAR,Ask,0.0
266,9cfe3731347f1b9a54f37d3cbd2e021f,2015-11-03 09:08:00,4,ZAR,Ask,0.0
267,9cfe3731347f1b9a54f37d3cbd2e021f,2015-11-03 09:18:00,4,ZAR,Ask,0.0
268,9cfe3731347f1b9a54f37d3cbd2e021f,2015-11-03 09:22:00,4,ZAR,Ask,0.0
269,9cfe3731347f1b9a54f37d3cbd2e021f,2015-11-03 09:24:00,4,ZAR,Ask,0.0
270,9cfe3731347f1b9a54f37d3cbd2e021f,2015-11-03 09:26:00,7,XBT,TradeBuy,4168300.0
271,9cfe3731347f1b9a54f37d3cbd2e021f,2015-11-03 09:27:00,4,XBT,Bid,0.0
272,9cfe3731347f1b9a54f37d3cbd2e021f,2015-11-03 09:40:00,4,ZAR,Ask,0.0
273,9cfe3731347f1b9a54f37d3cbd2e021f,2015-11-03 09:41:00,4,ZAR,Ask,0.0
274,9cfe3731347f1b9a54f37d3cbd2e021f,2015-11-03 09:44:00,4,ZAR,Ask,0.0
275,9cfe3731347f1b9a54f37d3cbd2e021f,2015-11-03 09:47:00,4,ZAR,Ask,0.0
276,9cfe3731347f1b9a54f37d3cbd2e021f,2015-11-03 09:47:00,4,ZAR,Ask,0.0
277,9cfe3731347f1b9a54f37d3cbd2e021f,2015-11-03 10:08:00,4,ZAR,Ask,0.0
278,9cfe3731347f1b9a54f37d3cbd2e021f,2015-11-03 10:19:00,4,ZAR,Ask,0.0
279,9cfe3731347f1b9a54f37d3cbd2e021f,2015-11-03 10:26:00,4,ZAR,Ask,0.0
280,9cfe3731347f1b9a54f37d3cbd2e021f,2015-11-03 11:08:00,4,ZAR,Ask,0.0
281,9cfe3731347f1b9a54f37d3cbd2e021f,2015-11-03 18:16:00,4,ZAR,Ask,0.0
282,9cfe3731347f1b9a54f37d3cbd2e021f,2015-11-03 18:18:00,4,ZAR,Ask,0.0
283,9cfe3731347f1b9a54f37d3cbd2e021f,2015-11-03 18:27:00,7,XBT,TradeBuy,4134900.0
284,9cfe3731347f1b9a54f37d3cbd2e021f,2015-11-03 18:30:00,4,XBT,Bid,0.0
285,9cfe3731347f1b9a54f37d3cbd2e021f,2015-11-03 18:31:00,4,XBT,Bid,0.0
286,9cfe3731347f1b9a54f37d3cbd2e021f,2015-11-03 18:32:00,4,XBT,Bid,0.0
287,9cfe3731347f1b9a54f37d3cbd2e021f,2015-11-03 18:39:00,4,XBT,Bid,0.0
288,9cfe3731347f1b9a54f37d3cbd2e021f,2015-11-03 18:42:00,4,XBT,Bid,0.0
289,9cfe3731347f1b9a54f37d3cbd2e021f,2015-11-03 18:52:00,4,XBT,Bid,0.0
290,9cfe3731347f1b9a54f37d3cbd2e021f,2015-11-03 19:06:00,4,XBT,Bid,0.0
291,9cfe3731347f1b9a54f37d3cbd2e021f,2015-11-04 12:29:00,4,ZAR,Ask,0.0
292,9cfe3731347f1b9a54f37d3cbd2e021f,2015-11-04 12:30:00,4,ZAR,Ask,0.0
293,9cfe3731347f1b9a54f37d3cbd2e021f,2015-11-04 12:36:00,4,XBT,Bid,0.0
294,9cfe3731347f1b9a54f37d3cbd2e021f,2015-11-04 12:37:00,4,ZAR,Ask,0.0
295,9cfe3731347f1b9a54f37d3cbd2e021f,2015-11-04 12:43:00,4,ZAR,Ask,0.0
296,9cfe3731347f1b9a54f37d3cbd2e021f,2015-11-04 12:43:00,7,XBT,TradeBuy,4061500.0
297,9cfe3731347f1b9a54f37d3cbd2e021f,2015-11-04 12:44:00,4,XBT,Bid,0.0
298,9cfe3731347f1b9a54f37d3cbd2e021f,2015-11-04 13:00:00,4,XBT,Bid,0.0
299,9cfe3731347f1b9a54f37d3cbd2e021f,2015-11-04 13:06:00,4,XBT,Bid,0.0
300,9cfe3731347f1b9a54f37d3cbd2e021f,2015-11-04 13:17:00,1,XBT,SendBTC,-4060000.0
301,9cfe3731347f1b9a54f37d3cbd2e021f,2016-02-15 10:34:00,1,XBT,ReceiveBTC,1315760.0
302,9cfe3731347f1b9a54f37d3cbd2e021f,2016-02-15 10:38:00,1,XBT,ReceiveBTC,328974.0
303,5f4ef5100caa2b429ebc81e937766e13,2015-10-16 23:37:00,1,XBT,ReceiveBTC,2888974.0
304,5f4ef5100caa2b429ebc81e937766e13,2016-11-26 17:46:00,1,XBT,SendBTC,-2888974.0
305,ad68d1037f71de892c6308f4bbf8a8b9,2015-11-30 14:42:00,1,MYR,FiatDeposit,5000000000.0
306,ad68d1037f71de892c6308f4bbf8a8b9,2015-12-01 15:42:00,1,XBT,SendBTC,-5000000.0
307,ad68d1037f71de892c6308f4bbf8a8b9,2015-12-05 15:15:00,1,MYR,ReceiveBTC,3033000000.0
308,ea776c620e668523d2698f4cf8910879,2015-12-02 16:46:00,1,XBT,ReceiveBTC,36055.0
309,18694b7c8796f902c5b01ef949bd32da,2015-12-22 15:49:00,1,XBT,ReceiveBTC,1345616.0
310,18694b7c8796f902c5b01ef949bd32da,2015-12-23 07:00:00,1,XBT,SendBTC,-1345616.0
311,72c382c5b29bc6c91a39e122192972c0,2016-01-07 15:15:00,1,XBT,ReceiveBTC,10160.0
312,72c382c5b29bc6c91a39e122192972c0,2016-01-21 16:44:00,1,XBT,ReceiveBTC,20690.0
313,72c382c5b29bc6c91a39e122192972c0,2016-01-24 10:10:00,1,XBT,ReceiveBTC,11750.0
314,72c382c5b29bc6c91a39e122192972c0,2016-01-24 22:47:00,1,XBT,ReceiveBTC,11750.0
315,d6ac4f291ea57264c1a74b57d763ec74,2016-01-10 09:20:00,1,XBT,ReceiveBTC,3420967.0
316,d6ac4f291ea57264c1a74b57d763ec74,2016-01-10 11:26:00,1,XBT,SendBTC,-3000000.0
317,d6ac4f291ea57264c1a74b57d763ec74,2016-01-12 03:35:00,1,XBT,SendBTC,-342000.0
318,d6ac4f291ea57264c1a74b57d763ec74,2016-01-13 11:27:00,1,XBT,ReceiveBTC,466315.0
319,d6ac4f291ea57264c1a74b57d763ec74,2016-01-14 06:20:00,1,XBT,SendBTC,-517000.0
320,d6ac4f291ea57264c1a74b57d763ec74,2016-01-14 06:54:00,1,XBT,ReceiveBTC,196262.0
321,d6ac4f291ea57264c1a74b57d763ec74,2016-01-17 15:22:00,1,XBT,ReceiveBTC,3822557.0
322,d6ac4f291ea57264c1a74b57d763ec74,2016-01-17 15:44:00,1,XBT,SendBTC,-1000000.0
323,d6ac4f291ea57264c1a74b57d763ec74,2016-01-17 15:47:00,1,XBT,SendBTC,-1000000.0
324,d6ac4f291ea57264c1a74b57d763ec74,2016-01-17 16:01:00,1,XBT,SendBTC,-1000000.0
325,d6ac4f291ea57264c1a74b57d763ec74,2016-01-19 22:23:00,1,XBT,ReceiveBTC,200000.0
326,d6ac4f291ea57264c1a74b57d763ec74,2016-01-19 22:29:00,1,XBT,ReceiveBTC,108000.0
327,d6ac4f291ea57264c1a74b57d763ec74,2016-01-20 07:07:00,1,XBT,SendBTC,-1000000.0
328,d6ac4f291ea57264c1a74b57d763ec74,2016-01-20 19:23:00,1,XBT,SendBTC,-173000.0
329,d6ac4f291ea57264c1a74b57d763ec74,2016-01-21 10:46:00,1,XBT,ReceiveBTC,472161.0
330,d6ac4f291ea57264c1a74b57d763ec74,2016-01-21 15:56:00,1,XBT,SendBTC,-200000.0
331,d6ac4f291ea57264c1a74b57d763ec74,2016-01-21 16:19:00,1,XBT,SendBTC,-454000.0
332,d6ac4f291ea57264c1a74b57d763ec74,2016-01-23 18:38:00,1,XBT,ReceiveBTC,876831.0
333,d6ac4f291ea57264c1a74b57d763ec74,2016-01-23 20:36:00,1,XBT,ReceiveBTC,174972.0
334,d6ac4f291ea57264c1a74b57d763ec74,2016-01-23 21:30:00,1,XBT,ReceiveBTC,161435.0
335,d6ac4f291ea57264c1a74b57d763ec74,2016-01-23 21:30:00,1,XBT,ReceiveBTC,186000.0
336,d6ac4f291ea57264c1a74b57d763ec74,2016-01-24 10:20:00,1,XBT,SendBTC,-1000000.0
337,d6ac4f291ea57264c1a74b57d763ec74,2016-01-25 13:28:00,1,XBT,SendBTC,-349000.0
338,d6ac4f291ea57264c1a74b57d763ec74,2016-01-26 14:48:00,1,XBT,ReceiveBTC,508276.0
339,d6ac4f291ea57264c1a74b57d763ec74,2016-01-26 15:11:00,1,XBT,SendBTC,-346000.0
340,d6ac4f291ea57264c1a74b57d763ec74,2016-01-27 12:12:00,1,XBT,ReceiveBTC,198884.0
341,d6ac4f291ea57264c1a74b57d763ec74,2016-01-27 14:58:00,1,XBT,SendBTC,-349000.0
342,d6ac4f291ea57264c1a74b57d763ec74,2016-01-27 15:28:00,1,XBT,ReceiveBTC,184000.0
343,d6ac4f291ea57264c1a74b57d763ec74,2016-01-27 21:58:00,1,XBT,ReceiveBTC,446536.0
344,d6ac4f291ea57264c1a74b57d763ec74,2016-01-28 02:11:00,1,XBT,SendBTC,-352000.0
345,d6ac4f291ea57264c1a74b57d763ec74,2016-01-29 01:07:00,1,XBT,SendBTC,-340000.0
346,d6ac4f291ea57264c1a74b57d763ec74,2016-01-31 04:21:00,1,XBT,ReceiveBTC,76938.0
347,d6ac4f291ea57264c1a74b57d763ec74,2016-02-07 17:14:00,1,XBT,ReceiveBTC,530000.0
348,d6ac4f291ea57264c1a74b57d763ec74,2016-02-08 10:10:00,1,XBT,SendBTC,-608000.0
349,d6ac4f291ea57264c1a74b57d763ec74,2016-02-13 07:07:00,1,XBT,ReceiveBTC,329336.0
350,d6ac4f291ea57264c1a74b57d763ec74,2016-02-13 08:09:00,1,XBT,ReceiveBTC,275438.0
351,d6ac4f291ea57264c1a74b57d763ec74,2016-02-13 09:20:00,1,XBT,ReceiveBTC,424913.0
352,d6ac4f291ea57264c1a74b57d763ec74,2016-02-13 14:35:00,1,XBT,SendBTC,-329000.0
353,d6ac4f291ea57264c1a74b57d763ec74,2016-02-14 23:46:00,1,XBT,SendBTC,-329000.0
354,d6ac4f291ea57264c1a74b57d763ec74,2016-02-16 02:21:00,1,XBT,SendBTC,-329000.0
355,d6ac4f291ea57264c1a74b57d763ec74,2016-02-16 02:56:00,1,XBT,ReceiveBTC,483093.0
356,d6ac4f291ea57264c1a74b57d763ec74,2016-02-17 21:33:00,1,XBT,SendBTC,-495000.0
357,0a25fcdd5bbfeae22ea9c8247cb596c5,2016-01-13 22:14:00,1,XBT,ReceiveBTC,500000000.0
358,0a25fcdd5bbfeae22ea9c8247cb596c5,2016-01-13 22:34:00,4,XBT,Bid,0.0
359,0a25fcdd5bbfeae22ea9c8247cb596c5,2016-02-04 15:31:00,1,XBT,SendBTC,-200000000.0
360,0a25fcdd5bbfeae22ea9c8247cb596c5,2016-02-04 16:41:00,1,XBT,SendBTC,-300000000.0
361,9fd4e3423da76fbba14532ef66928bd6,2016-01-18 21:07:00,1,XBT,ReceiveBTC,37500000.0
362,9fd4e3423da76fbba14532ef66928bd6,2016-01-19 11:38:00,1,XBT,SendBTC,-12144900.0
363,9fd4e3423da76fbba14532ef66928bd6,2016-01-19 11:38:00,1,XBT,ReceiveBTC,0.0
364,60e8b5986d191ec2a2488b7e18cbe49c,2016-01-24 11:49:00,1,XBT,ReceiveBTC,1630000.0
365,31971f3d2122bd54916202aca0c9fa50,2016-01-29 12:04:00,1,ZAR,FiatDeposit,15000000000.0
366,31971f3d2122bd54916202aca0c9fa50,2016-01-29 12:27:00,1,XBT,SendBTC,-1746000.0
367,31971f3d2122bd54916202aca0c9fa50,2016-06-09 11:51:00,1,ZAR,ReceiveBTC,20000000000.0
368,31971f3d2122bd54916202aca0c9fa50,2016-06-09 12:45:00,15,XBT,BuyBTC,1467000.0
369,31971f3d2122bd54916202aca0c9fa50,2016-06-09 12:48:00,1,XBT,SendBTC,-1467000.0
370,31971f3d2122bd54916202aca0c9fa50,2016-10-26 06:00:00,1,ZAR,ReceiveBTC,20000000000.0
371,31971f3d2122bd54916202aca0c9fa50,2016-10-26 06:07:00,15,XBT,BuyBTC,489000.0
372,31971f3d2122bd54916202aca0c9fa50,2016-11-06 09:39:00,1,ZAR,ReceiveBTC,29999511000.0
373,31971f3d2122bd54916202aca0c9fa50,2016-11-06 09:48:00,15,XBT,BuyBTC,738000.0
374,66cf4434c5337bf95dfcfed45a5faadf,2016-02-01 13:06:00,1,XBT,ReceiveBTC,427624.0
375,7087e55f7d823566cf44e8bbab49c04c,2016-02-03 07:59:00,1,XBT,ReceiveBTC,174779.0
376,7087e55f7d823566cf44e8bbab49c04c,2016-02-03 08:29:00,1,XBT,ReceiveBTC,6643692.0
377,7087e55f7d823566cf44e8bbab49c04c,2016-02-08 11:56:00,1,XBT,ReceiveBTC,13383468.0
378,7087e55f7d823566cf44e8bbab49c04c,2016-02-09 12:49:00,1,XBT,SendBTC,-20160000.0
379,d513c287f15183426d9fc124b4e755ee,2016-02-05 14:32:00,1,ZAR,FiatDeposit,10000000000.0
380,d513c287f15183426d9fc124b4e755ee,2016-06-11 14:29:00,1,ZAR,ReceiveBTC,29998932000.0
381,d513c287f15183426d9fc124b4e755ee,2016-06-11 14:32:00,15,XBT,BuyBTC,2402000.0
382,543682aca3b1762aa7e24e42f3f453bb,2016-02-07 07:54:00,1,MYR,FiatDeposit,150000000000.0
383,543682aca3b1762aa7e24e42f3f453bb,2016-02-07 08:31:00,1,XBT,SendBTC,-59544000.0
384,543682aca3b1762aa7e24e42f3f453bb,2016-02-09 15:05:00,1,MYR,ReceiveBTC,400000000000.0
385,543682aca3b1762aa7e24e42f3f453bb,2016-02-09 15:13:00,15,XBT,BuyBTC,156051000.0
386,543682aca3b1762aa7e24e42f3f453bb,2016-02-10 02:53:00,1,XBT,SendBTC,-152956897.0
387,bc384b855285e4af16f440efccaa63bf,2016-02-10 09:53:00,1,XBT,ReceiveBTC,10750.0
388,bc384b855285e4af16f440efccaa63bf,2016-04-05 09:54:00,1,XBT,ReceiveBTC,40250.0
389,bc384b855285e4af16f440efccaa63bf,2016-07-16 08:47:00,1,XBT,SendBTC,-51000.0
390,051bbd48e7d48fe378e1122592c4b85e,2016-02-13 13:01:00,1,XBT,ReceiveBTC,23085.0
391,051bbd48e7d48fe378e1122592c4b85e,2016-02-16 12:28:00,1,XBT,SendBTC,-20000.0
392,051bbd48e7d48fe378e1122592c4b85e,2016-02-16 13:14:00,1,XBT,ReceiveBTC,30000.0
393,051bbd48e7d48fe378e1122592c4b85e,2016-02-16 17:43:00,1,XBT,SendBTC,-30000.0
394,051bbd48e7d48fe378e1122592c4b85e,2016-02-17 11:40:00,1,XBT,ReceiveBTC,11500.0
395,051bbd48e7d48fe378e1122592c4b85e,2016-02-17 11:58:00,1,XBT,SendBTC,-14000.0
396,097ccc89932fadf7e995cc111d6a2e16,2016-02-25 02:54:00,1,XBT,ReceiveBTC,120000.0
397,097ccc89932fadf7e995cc111d6a2e16,2016-02-25 03:41:00,1,XBT,SendBTC,-100000.0
398,097ccc89932fadf7e995cc111d6a2e16,2016-02-26 14:22:00,1,XBT,ReceiveBTC,1527000.0
399,097ccc89932fadf7e995cc111d6a2e16,2016-02-26 14:37:00,1,XBT,SendBTC,-1540000.0
400,097ccc89932fadf7e995cc111d6a2e16,2016-02-29 07:53:00,1,XBT,ReceiveBTC,200000.0
401,097ccc89932fadf7e995cc111d6a2e16,2016-02-29 19:22:00,1,XBT,ReceiveBTC,2873000.0
402,097ccc89932fadf7e995cc111d6a2e16,2016-02-29 21:18:00,1,XBT,SendBTC,-3080000.0
403,097ccc89932fadf7e995cc111d6a2e16,2016-02-29 22:05:00,1,XBT,ReceiveBTC,3507000.0
404,097ccc89932fadf7e995cc111d6a2e16,2016-02-29 22:15:00,1,XBT,SendBTC,-3507000.0
405,097ccc89932fadf7e995cc111d6a2e16,2016-02-29 23:03:00,1,XBT,SendBTC,-207000.0
406,097ccc89932fadf7e995cc111d6a2e16,2016-03-04 03:19:00,1,XBT,ReceiveBTC,414000.0
407,097ccc89932fadf7e995cc111d6a2e16,2016-03-05 01:32:00,1,XBT,ReceiveBTC,6160000.0
408,097ccc89932fadf7e995cc111d6a2e16,2016-03-05 02:47:00,1,XBT,ReceiveBTC,7014000.0
409,097ccc89932fadf7e995cc111d6a2e16,2016-03-05 02:58:00,1,XBT,SendBTC,-13588000.0
410,097ccc89932fadf7e995cc111d6a2e16,2016-03-11 05:11:00,1,XBT,ReceiveBTC,617400.0
411,097ccc89932fadf7e995cc111d6a2e16,2016-03-11 09:26:00,1,XBT,SendBTC,-617400.0
412,097ccc89932fadf7e995cc111d6a2e16,2016-03-23 00:14:00,1,XBT,ReceiveBTC,10250.0
413,097ccc89932fadf7e995cc111d6a2e16,2016-03-26 13:19:00,1,XBT,ReceiveBTC,46540.0
414,097ccc89932fadf7e995cc111d6a2e16,2016-03-27 21:45:00,1,XBT,ReceiveBTC,13015.0
415,097ccc89932fadf7e995cc111d6a2e16,2016-03-29 02:28:00,1,XBT,SendBTC,-69000.0
416,389defe75a0a4c917bbb19ba0b62a74f,2016-03-14 14:14:00,1,MYR,FiatDeposit,15000000000.0
417,389defe75a0a4c917bbb19ba0b62a74f,2016-03-14 14:30:00,1,XBT,SendBTC,-5135700.0
418,389defe75a0a4c917bbb19ba0b62a74f,2016-03-16 15:28:00,1,MYR,ReceiveBTC,5715654700.0
419,389defe75a0a4c917bbb19ba0b62a74f,2016-03-17 00:35:00,15,XBT,BuyBTC,2088000.0
420,389defe75a0a4c917bbb19ba0b62a74f,2016-03-17 00:42:00,1,XBT,SendBTC,-2334800.0
421,389defe75a0a4c917bbb19ba0b62a74f,2016-03-29 16:17:00,1,MYR,ReceiveBTC,45549901500.0
422,389defe75a0a4c917bbb19ba0b62a74f,2016-03-30 00:51:00,15,XBT,BuyBTC,15287000.0
423,389defe75a0a4c917bbb19ba0b62a74f,2016-03-30 07:55:00,1,XBT,SendBTC,-15302600.0
424,389defe75a0a4c917bbb19ba0b62a74f,2016-04-02 04:35:00,1,MYR,ReceiveBTC,4999917100.0
425,389defe75a0a4c917bbb19ba0b62a74f,2016-04-02 04:43:00,15,XBT,BuyBTC,1609000.0
426,389defe75a0a4c917bbb19ba0b62a74f,2016-04-02 04:54:00,1,XBT,SendBTC,-1564600.0
427,389defe75a0a4c917bbb19ba0b62a74f,2016-04-04 03:21:00,1,MYR,ReceiveBTC,34999872700.0
428,389defe75a0a4c917bbb19ba0b62a74f,2016-04-04 03:26:00,15,XBT,BuyBTC,11631000.0
429,389defe75a0a4c917bbb19ba0b62a74f,2016-04-04 03:28:00,1,XBT,SendBTC,-11567700.0
430,389defe75a0a4c917bbb19ba0b62a74f,2016-04-07 07:40:00,1,MYR,ReceiveBTC,14999809400.0
431,389defe75a0a4c917bbb19ba0b62a74f,2016-04-07 07:45:00,15,XBT,BuyBTC,5027000.0
432,389defe75a0a4c917bbb19ba0b62a74f,2016-04-07 08:03:00,1,XBT,SendBTC,-5141800.0
433,389defe75a0a4c917bbb19ba0b62a74f,2016-04-08 00:33:00,1,MYR,ReceiveBTC,5399924200.0
434,389defe75a0a4c917bbb19ba0b62a74f,2016-04-08 00:38:00,15,XBT,BuyBTC,1807000.0
435,389defe75a0a4c917bbb19ba0b62a74f,2016-04-08 00:40:00,1,XBT,SendBTC,-1677400.0
436,389defe75a0a4c917bbb19ba0b62a74f,2016-04-08 07:48:00,1,MYR,ReceiveBTC,2999794600.0
437,389defe75a0a4c917bbb19ba0b62a74f,2016-04-08 07:55:00,15,XBT,BuyBTC,1004000.0
438,389defe75a0a4c917bbb19ba0b62a74f,2016-04-08 07:58:00,1,XBT,SendBTC,-1181100.0
439,c20b50bad2f1a45cef25c4d52a6ee1a6,2016-03-25 04:25:00,1,XBT,ReceiveBTC,59056.0
440,c3cca7a38a754229991e7772921d1fb6,2016-03-27 22:32:00,1,ZAR,FiatDeposit,10000000000.0
441,c3cca7a38a754229991e7772921d1fb6,2016-03-27 23:05:00,1,XBT,SendBTC,-990000.0
442,2ccca6a5e346f5dfea202692821eca7c,2016-03-31 18:50:00,1,XBT,ReceiveBTC,19951119.0
443,2ccca6a5e346f5dfea202692821eca7c,2016-03-31 20:00:00,1,XBT,SendBTC,-19950000.0
444,2ccca6a5e346f5dfea202692821eca7c,2016-04-01 00:09:00,1,ZAR,ReceiveBTC,299999998881.0
445,2ccca6a5e346f5dfea202692821eca7c,2016-04-01 04:54:00,15,XBT,BuyBTC,29167000.0
446,2ccca6a5e346f5dfea202692821eca7c,2016-04-01 05:30:00,1,XBT,SendBTC,-25806451.0
447,2ccca6a5e346f5dfea202692821eca7c,2016-04-10 12:50:00,1,XBT,SendBTC,-3255971.0
448,72b12267c063f77fc13f02e1b78a93e6,2016-04-14 17:51:00,1,XBT,ReceiveBTC,13450000.0
449,72b12267c063f77fc13f02e1b78a93e6,2016-04-17 05:11:00,1,XBT,SendBTC,-4011300.0
450,72b12267c063f77fc13f02e1b78a93e6,2016-04-17 05:17:00,1,XBT,SendBTC,-8022500.0
451,72b12267c063f77fc13f02e1b78a93e6,2016-04-20 20:46:00,1,XBT,SendBTC,-1416200.0
452,72b12267c063f77fc13f02e1b78a93e6,2016-04-21 21:07:00,1,XBT,ReceiveBTC,8132000.0
453,72b12267c063f77fc13f02e1b78a93e6,2016-04-22 14:02:00,1,XBT,SendBTC,-8131500.0
454,72b12267c063f77fc13f02e1b78a93e6,2016-04-23 06:03:00,1,XBT,ReceiveBTC,2691100.0
455,72b12267c063f77fc13f02e1b78a93e6,2016-04-25 10:46:00,1,XBT,SendBTC,-2691600.0
456,72b12267c063f77fc13f02e1b78a93e6,2016-05-16 19:08:00,1,XBT,ReceiveBTC,21775300.0
457,72b12267c063f77fc13f02e1b78a93e6,2016-05-21 22:05:00,1,XBT,SendBTC,-3000000.0
458,72b12267c063f77fc13f02e1b78a93e6,2016-05-29 03:49:00,1,XBT,SendBTC,-5169000.0
459,72b12267c063f77fc13f02e1b78a93e6,2016-05-30 05:23:00,1,XBT,SendBTC,-13600000.0
460,72b12267c063f77fc13f02e1b78a93e6,2016-06-19 17:54:00,1,XBT,ReceiveBTC,13398240.0
461,72b12267c063f77fc13f02e1b78a93e6,2016-06-21 09:53:00,1,XBT,SendBTC,-13400000.0
462,66096744f41220a95d82f5e7e1dc6329,2016-04-14 20:13:00,1,XBT,ReceiveBTC,83897.0
463,66096744f41220a95d82f5e7e1dc6329,2016-04-15 19:58:00,1,XBT,ReceiveBTC,13008.0
464,66096744f41220a95d82f5e7e1dc6329,2016-04-16 21:34:00,1,XBT,ReceiveBTC,32309.0
465,66096744f41220a95d82f5e7e1dc6329,2016-04-21 12:55:00,1,XBT,ReceiveBTC,10049.0
466,66096744f41220a95d82f5e7e1dc6329,2016-04-27 12:39:00,1,XBT,SendBTC,-20000.0
467,66096744f41220a95d82f5e7e1dc6329,2016-04-30 13:11:00,1,XBT,ReceiveBTC,14673.0
468,66096744f41220a95d82f5e7e1dc6329,2016-05-03 01:09:00,1,XBT,ReceiveBTC,10195.0
469,66096744f41220a95d82f5e7e1dc6329,2016-05-05 03:45:00,1,XBT,ReceiveBTC,15183.0
470,66096744f41220a95d82f5e7e1dc6329,2016-05-12 21:18:00,1,XBT,SendBTC,-50000.0
471,66096744f41220a95d82f5e7e1dc6329,2016-05-30 18:05:00,1,XBT,ReceiveBTC,16000.0
472,447c0f32b9efc9729452e6507945baa0,2016-04-18 07:56:00,1,NGN,FiatDeposit,1802190000000.0
473,447c0f32b9efc9729452e6507945baa0,2016-04-18 09:03:00,1,XBT,SendBTC,-4388000.0
474,b5783cd0dd49db7fdcc7f9fa0170da06,2016-04-22 12:34:00,1,XBT,ReceiveBTC,3100000.0
475,b5783cd0dd49db7fdcc7f9fa0170da06,2016-04-22 13:07:00,1,XBT,SendBTC,-3000000.0
476,cb2708579e9301556a97ed75430d7ec6,2016-04-27 17:06:00,1,XBT,ReceiveBTC,12189000.0
477,cb2708579e9301556a97ed75430d7ec6,2016-04-27 17:32:00,1,XBT,SendBTC,-12158636.0
478,edc27ca7433521f0c17b7d6d568ed295,2016-04-28 04:08:00,1,XBT,ReceiveBTC,6159150.0
479,edc27ca7433521f0c17b7d6d568ed295,2016-09-08 18:18:00,14,XBT,SellBTC,-6159000.0
480,edc27ca7433521f0c17b7d6d568ed295,2016-09-10 00:11:00,15,XBT,BuyBTC,5428000.0
481,53fe346b3c8ffcc219685631158c1320,2016-04-28 14:58:00,1,NGN,FiatDeposit,3004610000000.0
482,53fe346b3c8ffcc219685631158c1320,2016-05-01 10:00:00,1,XBT,SendBTC,-5396000.0
483,2504341c3779ed9b0570e352389b4bfa,2016-04-29 05:43:00,1,XBT,ReceiveBTC,100000.0
484,2504341c3779ed9b0570e352389b4bfa,2016-04-29 05:57:00,1,XBT,ReceiveBTC,3020000.0
485,2504341c3779ed9b0570e352389b4bfa,2016-04-29 06:50:00,1,XBT,SendBTC,-3000000.0
486,2504341c3779ed9b0570e352389b4bfa,2016-04-29 16:07:00,1,XBT,ReceiveBTC,3000000.0
487,2504341c3779ed9b0570e352389b4bfa,2016-04-29 21:55:00,1,XBT,ReceiveBTC,3000000.0
488,2504341c3779ed9b0570e352389b4bfa,2016-05-29 10:08:00,1,XBT,SendBTC,-5000000.0
489,9d4062d4227a3cd2e5ea3e6113e2f6ce,2016-04-29 13:04:00,1,XBT,ReceiveBTC,70000.0
490,9d4062d4227a3cd2e5ea3e6113e2f6ce,2016-04-30 11:12:00,1,XBT,SendBTC,-70000.0
491,9d4062d4227a3cd2e5ea3e6113e2f6ce,2016-04-30 12:07:00,1,XBT,ReceiveBTC,70000.0
492,9d4062d4227a3cd2e5ea3e6113e2f6ce,2016-04-30 17:55:00,1,XBT,SendBTC,-70000.0
493,9d4062d4227a3cd2e5ea3e6113e2f6ce,2016-05-01 11:21:00,1,XBT,ReceiveBTC,190000.0
494,9d4062d4227a3cd2e5ea3e6113e2f6ce,2016-05-01 11:25:00,1,XBT,SendBTC,-190000.0
495,9d4062d4227a3cd2e5ea3e6113e2f6ce,2016-05-03 05:04:00,1,XBT,ReceiveBTC,370000.0
496,9d4062d4227a3cd2e5ea3e6113e2f6ce,2016-05-03 09:28:00,1,XBT,SendBTC,-300000.0
497,9d4062d4227a3cd2e5ea3e6113e2f6ce,2016-05-03 09:31:00,1,XBT,SendBTC,-70000.0
498,9d4062d4227a3cd2e5ea3e6113e2f6ce,2016-05-03 09:52:00,1,XBT,ReceiveBTC,470000.0
499,9d4062d4227a3cd2e5ea3e6113e2f6ce,2016-05-03 11:17:00,1,XBT,SendBTC,-100000.0
500,9d4062d4227a3cd2e5ea3e6113e2f6ce,2016-05-03 11:59:00,1,XBT,SendBTC,-300000.0
501,9d4062d4227a3cd2e5ea3e6113e2f6ce,2016-05-03 16:42:00,1,XBT,SendBTC,-70000.0
502,9d4062d4227a3cd2e5ea3e6113e2f6ce,2016-05-12 04:59:00,1,IDR,ReceiveBTC,5000000000000.0
503,9d4062d4227a3cd2e5ea3e6113e2f6ce,2016-05-12 05:02:00,15,XBT,BuyBTC,462000.0
504,9d4062d4227a3cd2e5ea3e6113e2f6ce,2016-05-12 05:04:00,1,XBT,SendBTC,-400000.0
505,9d4062d4227a3cd2e5ea3e6113e2f6ce,2016-05-12 05:39:00,1,XBT,SendBTC,-62000.0
506,9d4062d4227a3cd2e5ea3e6113e2f6ce,2016-05-13 10:53:00,1,IDR,ReceiveBTC,5000000000000.0
507,9d4062d4227a3cd2e5ea3e6113e2f6ce,2016-05-13 11:23:00,15,XBT,BuyBTC,463000.0
508,9d4062d4227a3cd2e5ea3e6113e2f6ce,2016-05-13 11:24:00,1,XBT,SendBTC,-160000.0
509,9d4062d4227a3cd2e5ea3e6113e2f6ce,2016-05-13 14:25:00,1,XBT,SendBTC,-100000.0
510,9d4062d4227a3cd2e5ea3e6113e2f6ce,2016-05-13 17:03:00,1,XBT,SendBTC,-203000.0
511,9d4062d4227a3cd2e5ea3e6113e2f6ce,2016-05-16 15:57:00,1,XBT,ReceiveBTC,720000.0
512,9d4062d4227a3cd2e5ea3e6113e2f6ce,2016-05-16 16:35:00,1,XBT,SendBTC,-600000.0
513,9d4062d4227a3cd2e5ea3e6113e2f6ce,2016-05-17 08:52:00,1,XBT,SendBTC,-120000.0
514,9d4062d4227a3cd2e5ea3e6113e2f6ce,2016-05-21 01:58:00,1,IDR,ReceiveBTC,5000000000000.0
515,9d4062d4227a3cd2e5ea3e6113e2f6ce,2016-05-21 02:05:00,15,XBT,BuyBTC,462000.0
516,9d4062d4227a3cd2e5ea3e6113e2f6ce,2016-05-21 02:07:00,1,XBT,SendBTC,-460000.0
517,9d4062d4227a3cd2e5ea3e6113e2f6ce,2016-05-24 01:34:00,1,IDR,ReceiveBTC,9999999998000.0
518,9d4062d4227a3cd2e5ea3e6113e2f6ce,2016-05-24 01:40:00,15,XBT,BuyBTC,800000.0
519,9d4062d4227a3cd2e5ea3e6113e2f6ce,2016-05-24 01:42:00,1,XBT,SendBTC,-800000.0
520,9d4062d4227a3cd2e5ea3e6113e2f6ce,2016-05-24 12:00:00,1,XBT,ReceiveBTC,870000.0
521,9d4062d4227a3cd2e5ea3e6113e2f6ce,2016-05-24 12:07:00,14,XBT,SellBTC,-870000.0
522,9d4062d4227a3cd2e5ea3e6113e2f6ce,2016-05-24 12:23:00,15,XBT,BuyBTC,848000.0
523,9d4062d4227a3cd2e5ea3e6113e2f6ce,2016-05-25 01:35:00,1,XBT,SendBTC,-850000.0
524,9d4062d4227a3cd2e5ea3e6113e2f6ce,2016-05-31 09:45:00,1,IDR,ReceiveBTC,10000000000000.0
525,9d4062d4227a3cd2e5ea3e6113e2f6ce,2016-05-31 09:48:00,15,XBT,BuyBTC,740000.0
526,9d4062d4227a3cd2e5ea3e6113e2f6ce,2016-05-31 09:50:00,1,XBT,SendBTC,-240000.0
527,9d4062d4227a3cd2e5ea3e6113e2f6ce,2016-05-31 11:35:00,1,XBT,SendBTC,-500000.0
528,9d4062d4227a3cd2e5ea3e6113e2f6ce,2016-06-04 01:48:00,1,IDR,ReceiveBTC,5252500000000.0
529,9d4062d4227a3cd2e5ea3e6113e2f6ce,2016-06-04 01:51:00,15,XBT,BuyBTC,364000.0
530,9d4062d4227a3cd2e5ea3e6113e2f6ce,2016-06-04 01:53:00,1,XBT,SendBTC,-160000.0
531,9d4062d4227a3cd2e5ea3e6113e2f6ce,2016-06-04 04:43:00,1,XBT,SendBTC,-204000.0
532,9d4062d4227a3cd2e5ea3e6113e2f6ce,2016-06-05 06:21:00,1,IDR,ReceiveBTC,5000000000000.0
533,9d4062d4227a3cd2e5ea3e6113e2f6ce,2016-06-05 06:22:00,15,XBT,BuyBTC,292000.0
534,9d4062d4227a3cd2e5ea3e6113e2f6ce,2016-06-05 06:25:00,1,XBT,SendBTC,-292000.0
535,9d4062d4227a3cd2e5ea3e6113e2f6ce,2016-06-05 08:01:00,1,XBT,ReceiveBTC,70000.0
536,9d4062d4227a3cd2e5ea3e6113e2f6ce,2016-06-05 08:18:00,1,XBT,SendBTC,-70000.0
537,9d4062d4227a3cd2e5ea3e6113e2f6ce,2016-06-06 01:50:00,1,IDR,ReceiveBTC,10000000000000.0
538,9d4062d4227a3cd2e5ea3e6113e2f6ce,2016-06-06 01:52:00,15,XBT,BuyBTC,682000.0
539,9d4062d4227a3cd2e5ea3e6113e2f6ce,2016-06-06 01:55:00,1,XBT,SendBTC,-682000.0
540,9d4062d4227a3cd2e5ea3e6113e2f6ce,2016-06-10 12:54:00,1,IDR,ReceiveBTC,5000000000000.0
541,9d4062d4227a3cd2e5ea3e6113e2f6ce,2016-06-10 12:56:00,15,XBT,BuyBTC,398000.0
542,9d4062d4227a3cd2e5ea3e6113e2f6ce,2016-06-10 13:04:00,1,XBT,SendBTC,-300000.0
543,9d4062d4227a3cd2e5ea3e6113e2f6ce,2016-06-11 10:20:00,1,XBT,SendBTC,-98000.0
544,9d4062d4227a3cd2e5ea3e6113e2f6ce,2016-06-11 12:23:00,1,IDR,ReceiveBTC,5000000000000.0
545,9d4062d4227a3cd2e5ea3e6113e2f6ce,2016-06-11 12:24:00,15,XBT,BuyBTC,475000.0
546,9d4062d4227a3cd2e5ea3e6113e2f6ce,2016-06-11 12:25:00,1,XBT,SendBTC,-475000.0
547,9d4062d4227a3cd2e5ea3e6113e2f6ce,2016-06-11 14:04:00,1,XBT,ReceiveBTC,20000.0
548,9d4062d4227a3cd2e5ea3e6113e2f6ce,2016-06-11 14:09:00,1,XBT,ReceiveBTC,34300.0
549,9d4062d4227a3cd2e5ea3e6113e2f6ce,2016-06-11 14:09:00,1,XBT,ReceiveBTC,370000.0
550,9d4062d4227a3cd2e5ea3e6113e2f6ce,2016-06-11 15:22:00,1,XBT,SendBTC,-421200.0
551,0222ec719d79d8f4212aff803fb18558,2016-04-30 14:28:00,1,XBT,ReceiveBTC,3040000.0
552,0222ec719d79d8f4212aff803fb18558,2016-04-30 14:54:00,1,XBT,SendBTC,-3000000.0
553,0222ec719d79d8f4212aff803fb18558,2016-04-30 19:48:00,1,XBT,ReceiveBTC,3050000.0
554,0222ec719d79d8f4212aff803fb18558,2016-05-01 20:08:00,1,XBT,SendBTC,-3090000.0
555,283862873d8adb9581e32f6caf91d655,2016-05-02 14:15:00,1,NGN,FiatDeposit,9901930000000.0
556,283862873d8adb9581e32f6caf91d655,2016-05-03 20:52:00,1,XBT,SendBTC,-20932000.0
557,283862873d8adb9581e32f6caf91d655,2016-05-03 21:11:00,1,XBT,SendBTC,-2616100.0
558,3c02ecfa8ac58e7e954e832b3190cb5e,2016-05-02 20:39:00,1,XBT,ReceiveBTC,3000000.0
559,3c02ecfa8ac58e7e954e832b3190cb5e,2016-05-02 20:57:00,1,XBT,SendBTC,-3000000.0
560,1da45be660f466f8d61527711ff05b5b,2016-05-04 05:17:00,1,NGN,FiatDeposit,500000000000.0
561,1da45be660f466f8d61527711ff05b5b,2016-05-06 17:03:00,1,XBT,SendBTC,-1250000.0
562,99bc2cd27371f93402e00f82af2597e7,2016-05-05 08:32:00,1,NGN,FiatDeposit,2450220000000.0
563,99bc2cd27371f93402e00f82af2597e7,2016-05-06 11:13:00,1,XBT,SendBTC,-5975000.0
564,92fed241967f4c057b08e91df1bf27ec,2016-05-07 14:52:00,1,XBT,ReceiveBTC,12294644.0
565,92fed241967f4c057b08e91df1bf27ec,2016-05-08 08:58:00,1,XBT,ReceiveBTC,1748140.0
566,92fed241967f4c057b08e91df1bf27ec,2016-05-08 09:52:00,1,XBT,SendBTC,-13130000.0
567,92fed241967f4c057b08e91df1bf27ec,2016-05-08 12:23:00,1,XBT,ReceiveBTC,1748686.0
568,92fed241967f4c057b08e91df1bf27ec,2016-05-09 16:09:00,1,XBT,SendBTC,-1710657.0
569,92fed241967f4c057b08e91df1bf27ec,2016-05-09 16:29:00,1,XBT,SendBTC,-195359.0
570,b693cbe3d6b569feea0b024f30cfb7bb,2016-05-07 15:38:00,1,NGN,FiatDeposit,5006270000000.0
571,87efeccc9feb1bc623834c43fc3c3860,2016-05-08 07:15:00,1,XBT,ReceiveBTC,130495.0
572,fd1a548adf4ab8337beafaf0b2c123fd,2016-05-08 22:00:00,1,XBT,ReceiveBTC,12415300.0
573,fd1a548adf4ab8337beafaf0b2c123fd,2016-05-11 17:48:00,1,XBT,SendBTC,-2602400.0
574,fd1a548adf4ab8337beafaf0b2c123fd,2016-05-11 19:21:00,1,XBT,SendBTC,-6506500.0
575,fd1a548adf4ab8337beafaf0b2c123fd,2016-05-11 19:30:00,1,XBT,SendBTC,-2602600.0
576,fd1a548adf4ab8337beafaf0b2c123fd,2016-09-09 14:37:00,14,XBT,SellBTC,-677000.0
577,fd1a548adf4ab8337beafaf0b2c123fd,2016-10-25 10:12:00,15,XBT,BuyBTC,312000.0
578,932016525bed149bacd07e28d1659edd,2016-05-09 11:30:00,1,XBT,ReceiveBTC,1000000.0
579,95054cb63999f954901f4aa7a3e9c1d5,2016-05-20 04:25:00,1,XBT,ReceiveBTC,1270000.0
580,95054cb63999f954901f4aa7a3e9c1d5,2016-05-20 04:32:00,1,XBT,SendBTC,-1270000.0
581,95054cb63999f954901f4aa7a3e9c1d5,2016-06-07 00:45:00,1,XBT,ReceiveBTC,15782.0
582,95054cb63999f954901f4aa7a3e9c1d5,2016-06-08 05:20:00,1,XBT,ReceiveBTC,842682.0
583,95054cb63999f954901f4aa7a3e9c1d5,2016-06-08 05:32:00,1,XBT,SendBTC,-858000.0
584,95054cb63999f954901f4aa7a3e9c1d5,2016-06-11 07:47:00,1,XBT,ReceiveBTC,260400.0
585,95054cb63999f954901f4aa7a3e9c1d5,2016-06-14 23:26:00,1,XBT,ReceiveBTC,22629.0
586,95054cb63999f954901f4aa7a3e9c1d5,2016-07-11 21:09:00,1,XBT,ReceiveBTC,17355.0
587,95054cb63999f954901f4aa7a3e9c1d5,2016-07-25 20:41:00,1,XBT,ReceiveBTC,15409.0
588,1d1825ec1e44d816817c27bc03fb5254,2016-05-22 00:04:00,1,XBT,ReceiveBTC,1200000.0
589,1d1825ec1e44d816817c27bc03fb5254,2016-05-25 22:42:00,1,XBT,SendBTC,-1100000.0
590,8e220c951a56f0c755f1b29af00f1004,2016-05-27 18:28:00,1,XBT,ReceiveBTC,200000.0
591,8e220c951a56f0c755f1b29af00f1004,2016-05-27 19:07:00,1,XBT,SendBTC,-200000.0
592,8e220c951a56f0c755f1b29af00f1004,2016-05-28 03:45:00,1,XBT,ReceiveBTC,200000.0
593,8e220c951a56f0c755f1b29af00f1004,2016-06-02 21:47:00,1,XBT,ReceiveBTC,200000.0
594,8e220c951a56f0c755f1b29af00f1004,2016-06-02 21:51:00,1,XBT,SendBTC,-300000.0
595,7720bfba5295fb9651476787b53fc777,2016-05-27 19:35:00,1,XBT,ReceiveBTC,213000.0
596,7720bfba5295fb9651476787b53fc777,2016-05-27 20:01:00,1,XBT,ReceiveBTC,20000.0
597,7720bfba5295fb9651476787b53fc777,2016-05-27 20:13:00,1,XBT,ReceiveBTC,100000.0
598,7720bfba5295fb9651476787b53fc777,2016-05-27 20:21:00,1,XBT,SendBTC,-200000.0
599,7720bfba5295fb9651476787b53fc777,2016-05-27 20:29:00,1,XBT,SendBTC,-132956.0
600,77fdde58e48426f78d4e8c9ef9931871,2016-05-31 15:54:00,1,XBT,ReceiveBTC,4504973.0
601,77fdde58e48426f78d4e8c9ef9931871,2016-06-04 09:44:00,1,XBT,SendBTC,-3846157.0
602,77fdde58e48426f78d4e8c9ef9931871,2016-06-04 09:45:00,1,XBT,SendBTC,-384615.0
603,3ca6bc5c89f37a1e541dcf70bf492688,2016-06-02 05:07:00,1,NGN,FiatDeposit,3001300000000.0
604,3ca6bc5c89f37a1e541dcf70bf492688,2016-06-02 12:39:00,1,XBT,SendBTC,-5976000.0
605,3ca6bc5c89f37a1e541dcf70bf492688,2016-07-21 14:14:00,1,NGN,ReceiveBTC,5002600000000.0
606,3ca6bc5c89f37a1e541dcf70bf492688,2016-07-21 17:15:00,15,XBT,BuyBTC,8730000.0
607,3ca6bc5c89f37a1e541dcf70bf492688,2016-07-24 17:48:00,1,XBT,SendBTC,-8730000.0
608,7b0ffe48f3615eba835f0b465d126af5,2016-06-03 12:42:00,1,XBT,ReceiveBTC,2000000.0
609,7b0ffe48f3615eba835f0b465d126af5,2016-06-03 13:20:00,1,XBT,SendBTC,-1002000.0
610,7b0ffe48f3615eba835f0b465d126af5,2016-06-04 09:11:00,1,ZAR,ReceiveBTC,199999002000.0
611,7b0ffe48f3615eba835f0b465d126af5,2016-06-04 09:11:00,1,ZAR,ReceiveBTC,349999002000.0
612,7b0ffe48f3615eba835f0b465d126af5,2016-06-04 09:11:00,1,ZAR,ReceiveBTC,449999002000.0
613,7b0ffe48f3615eba835f0b465d126af5,2016-06-04 10:01:00,15,XBT,BuyBTC,28000000.0
614,7b0ffe48f3615eba835f0b465d126af5,2016-06-04 10:08:00,1,XBT,SendBTC,-2000000.0
615,7b0ffe48f3615eba835f0b465d126af5,2016-06-06 17:45:00,1,ZAR,ReceiveBTC,49973002000.0
616,7b0ffe48f3615eba835f0b465d126af5,2016-06-07 12:55:00,1,XBT,SendBTC,-4285000.0
617,7b0ffe48f3615eba835f0b465d126af5,2016-06-07 16:14:00,15,XBT,BuyBTC,3683000.0
618,7b0ffe48f3615eba835f0b465d126af5,2016-06-08 21:44:00,1,XBT,SendBTC,-4734000.0
619,7b0ffe48f3615eba835f0b465d126af5,2016-06-12 19:49:00,1,XBT,SendBTC,-19720320.0
620,7b0ffe48f3615eba835f0b465d126af5,2016-06-20 00:39:00,1,XBT,ReceiveBTC,6568234.0
621,7b0ffe48f3615eba835f0b465d126af5,2016-07-03 20:06:00,1,XBT,SendBTC,-510000.0
622,7b0ffe48f3615eba835f0b465d126af5,2016-07-27 17:10:00,14,XBT,SellBTC,-7999914.0
623,7b0ffe48f3615eba835f0b465d126af5,2016-12-11 18:38:00,15,XBT,BuyBTC,3609000.0
624,7b0ffe48f3615eba835f0b465d126af5,2016-12-11 19:00:00,1,XBT,SendBTC,-3609000.0
625,f7042eac8757f8e65da1b65e7e718f49,2016-06-08 10:44:00,1,XBT,ReceiveBTC,8635485.0
626,f7042eac8757f8e65da1b65e7e718f49,2016-06-21 09:24:00,1,XBT,SendBTC,-8635000.0
627,fd537cf4cfc6eeb2f375e03fbdf51efc,2016-06-09 13:25:00,1,NGN,FiatDeposit,4003200000000.0
628,fd537cf4cfc6eeb2f375e03fbdf51efc,2016-06-10 04:07:00,1,XBT,SendBTC,-8762000.0
629,fd537cf4cfc6eeb2f375e03fbdf51efc,2016-06-11 16:04:00,1,NGN,ReceiveBTC,10006400000000.0
630,fd537cf4cfc6eeb2f375e03fbdf51efc,2016-06-11 20:39:00,15,XBT,BuyBTC,24500000.0
631,fd537cf4cfc6eeb2f375e03fbdf51efc,2016-06-11 20:57:00,1,XBT,SendBTC,-24500000.0
632,fd537cf4cfc6eeb2f375e03fbdf51efc,2016-06-12 21:03:00,1,XBT,ReceiveBTC,18500000.0
633,fd537cf4cfc6eeb2f375e03fbdf51efc,2016-06-15 12:19:00,1,XBT,SendBTC,-18500000.0
634,fd537cf4cfc6eeb2f375e03fbdf51efc,2016-06-22 01:00:00,1,XBT,ReceiveBTC,1187905.0
635,fd537cf4cfc6eeb2f375e03fbdf51efc,2016-06-22 13:17:00,1,XBT,SendBTC,-1000000.0
636,fd537cf4cfc6eeb2f375e03fbdf51efc,2016-06-25 07:11:00,1,NGN,ReceiveBTC,6009589812095.0
637,fd537cf4cfc6eeb2f375e03fbdf51efc,2016-06-25 07:26:00,15,XBT,BuyBTC,13615000.0
638,fd537cf4cfc6eeb2f375e03fbdf51efc,2016-06-25 07:37:00,1,XBT,SendBTC,-13802000.0
639,fd537cf4cfc6eeb2f375e03fbdf51efc,2016-06-30 09:47:00,1,NGN,ReceiveBTC,6003289999095.0
640,fd537cf4cfc6eeb2f375e03fbdf51efc,2016-06-30 09:53:00,15,XBT,BuyBTC,13493000.0
641,fd537cf4cfc6eeb2f375e03fbdf51efc,2016-07-02 08:34:00,1,XBT,SendBTC,-13493000.0
642,fd537cf4cfc6eeb2f375e03fbdf51efc,2016-07-03 10:03:00,1,NGN,ReceiveBTC,7003289999095.0
643,fd537cf4cfc6eeb2f375e03fbdf51efc,2016-07-03 16:22:00,15,XBT,BuyBTC,13795000.0
644,fd537cf4cfc6eeb2f375e03fbdf51efc,2016-07-04 12:29:00,1,XBT,SendBTC,-13795000.0
645,fd537cf4cfc6eeb2f375e03fbdf51efc,2016-07-11 02:53:00,1,NGN,ReceiveBTC,30003299999095.0
646,fd537cf4cfc6eeb2f375e03fbdf51efc,2016-07-12 03:51:00,15,XBT,BuyBTC,58809000.0
647,fd537cf4cfc6eeb2f375e03fbdf51efc,2016-07-12 03:54:00,1,XBT,SendBTC,-58800000.0
648,defd74adcbc93ad2edcd801d7511bb47,2016-06-14 18:55:00,1,XBT,ReceiveBTC,18000.0
649,defd74adcbc93ad2edcd801d7511bb47,2016-07-20 19:27:00,1,XBT,ReceiveBTC,7485.0
650,defd74adcbc93ad2edcd801d7511bb47,2016-07-23 18:10:00,1,XBT,ReceiveBTC,6990.0
651,defd74adcbc93ad2edcd801d7511bb47,2016-07-26 22:54:00,1,XBT,SendBTC,-32475.0
652,4d604062c0b29363c2c028b425006da1,2016-06-16 16:05:00,1,XBT,ReceiveBTC,8280.0
653,947600ddd62067dfebb0dd0799197116,2016-07-03 10:03:00,1,NGN,FiatDeposit,3209760000000.0
654,947600ddd62067dfebb0dd0799197116,2016-07-06 06:06:00,1,XBT,SendBTC,-6300000.0
655,d449f079f71e57d304f8bb2b88fdb93e,2016-07-13 13:57:00,1,XBT,ReceiveBTC,20045800.0
656,d449f079f71e57d304f8bb2b88fdb93e,2016-07-13 22:34:00,1,XBT,ReceiveBTC,2000000.0
657,d449f079f71e57d304f8bb2b88fdb93e,2016-07-14 07:16:00,1,XBT,SendBTC,-19972837.0
658,d449f079f71e57d304f8bb2b88fdb93e,2016-07-14 20:18:00,1,XBT,ReceiveBTC,988357.0
659,d449f079f71e57d304f8bb2b88fdb93e,2016-07-14 23:34:00,1,XBT,ReceiveBTC,4000000.0
660,d449f079f71e57d304f8bb2b88fdb93e,2016-07-16 06:37:00,1,XBT,SendBTC,-7061320.0
661,e175770da60d24d0b592ae716bd722aa,2016-08-16 08:39:00,1,MYR,FiatDeposit,1000000000.0
662,d272afac5ec560a924e434c6c9326c4c,2016-11-06 11:14:00,1,MYR,FiatDeposit,200000000.0
663,d272afac5ec560a924e434c6c9326c4c,2016-11-07 06:44:00,1,MYR,ReceiveBTC,499984000.0
664,d272afac5ec560a924e434c6c9326c4c,2016-11-07 06:53:00,15,XBT,BuyBTC,39000.0
665,d272afac5ec560a924e434c6c9326c4c,2016-11-08 15:51:00,14,XBT,SellBTC,-55000.0
666,d272afac5ec560a924e434c6c9326c4c,2016-11-08 15:52:00,15,XBT,BuyBTC,53000.0
667,97f3beff1b2a6bf2ed801daa590625f8,2016-11-09 08:53:00,1,MYR,FiatDeposit,100000000000.0
668,97f3beff1b2a6bf2ed801daa590625f8,2016-11-09 08:57:00,4,MYR,Ask,0.0
669,f652e9b0541036ed3102c171f8126cc9,2016-11-12 21:48:00,1,ZAR,FiatDeposit,50000000000.0
670,4641e1094573d4de3a77d9969580d09c,2016-11-20 21:52:00,1,ZAR,FiatDeposit,1000000000.0
671,4641e1094573d4de3a77d9969580d09c,2016-11-21 10:12:00,4,ZAR,Ask,0.0
672,41513f4718ab57bb2ab1810abc70095a,2016-11-26 08:23:00,1,ZAR,FiatDeposit,100000000000.0
673,2926ff4deed9c20c1ad8a88eeaa1c74e,2016-12-31 23:31:00,1,ZAR,FiatDeposit,30000000000.0
